--------------------------------------------------------
-- Archivo creado  - lunes-enero-27-2025   
--------------------------------------------------------
--------------------------------------------------------
--  DDL for Table GB_AUTOR
--------------------------------------------------------

  CREATE TABLE "GB_AUTOR" 
   (	"ID_AUTOR" NUMBER GENERATED BY DEFAULT AS IDENTITY MINVALUE 1 MAXVALUE 9999999999999999999999999999 INCREMENT BY 1 START WITH 1 CACHE 20 NOORDER  NOCYCLE  NOKEEP  NOSCALE , 
	"NOMBRE" VARCHAR2(100 BYTE), 
	"NACIONALIDAD" VARCHAR2(50 BYTE), 
	"FECHA_NACIMIENTO" DATE, 
	"FECHA_CREACION" TIMESTAMP (6) DEFAULT CURRENT_TIMESTAMP, 
	"FECHA_ACTUALIZACION" TIMESTAMP (6)
   ) SEGMENT CREATION IMMEDIATE 
  PCTFREE 10 PCTUSED 40 INITRANS 1 MAXTRANS 255 
 NOCOMPRESS LOGGING
  STORAGE(INITIAL 65536 NEXT 1048576 MINEXTENTS 1 MAXEXTENTS 2147483645
  PCTINCREASE 0 FREELISTS 1 FREELIST GROUPS 1
  BUFFER_POOL DEFAULT FLASH_CACHE DEFAULT CELL_FLASH_CACHE DEFAULT);
--------------------------------------------------------
--  DDL for Table GB_ESTADO
--------------------------------------------------------

  CREATE TABLE "GB_ESTADO" 
   (	"ID_ESTADO" NUMBER GENERATED BY DEFAULT AS IDENTITY MINVALUE 1 MAXVALUE 9999999999999999999999999999 INCREMENT BY 1 START WITH 1 CACHE 20 NOORDER  NOCYCLE  NOKEEP  NOSCALE , 
	"NOMBRE_ESTADO" VARCHAR2(50 BYTE), 
	"DESCRIPCION" VARCHAR2(200 BYTE), 
	"FECHA_CREACION" TIMESTAMP (6) DEFAULT CURRENT_TIMESTAMP, 
	"FECHA_ACTUALIZACION" TIMESTAMP (6)
   ) SEGMENT CREATION IMMEDIATE 
  PCTFREE 10 PCTUSED 40 INITRANS 1 MAXTRANS 255 
 NOCOMPRESS LOGGING
  STORAGE(INITIAL 65536 NEXT 1048576 MINEXTENTS 1 MAXEXTENTS 2147483645
  PCTINCREASE 0 FREELISTS 1 FREELIST GROUPS 1
  BUFFER_POOL DEFAULT FLASH_CACHE DEFAULT CELL_FLASH_CACHE DEFAULT);
--------------------------------------------------------
--  DDL for Table GB_LIBRO
--------------------------------------------------------

  CREATE TABLE "GB_LIBRO" 
   (	"ID_LIBRO" NUMBER GENERATED BY DEFAULT AS IDENTITY MINVALUE 1 MAXVALUE 9999999999999999999999999999 INCREMENT BY 1 START WITH 1 CACHE 20 NOORDER  NOCYCLE  NOKEEP  NOSCALE , 
	"TITULO" VARCHAR2(100 BYTE), 
	"ID_AUTOR" NUMBER(*,0), 
	"ISBN" VARCHAR2(15 BYTE), 
	"FECHA_PUBLICACION" DATE, 
	"ID_ESTADO" NUMBER(*,0) DEFAULT NULL, 
	"FECHA_REGISTRO" TIMESTAMP (6) DEFAULT CURRENT_TIMESTAMP, 
	"FECHA_ACTUALIZACION" TIMESTAMP (6) DEFAULT CURRENT_TIMESTAMP
   ) SEGMENT CREATION IMMEDIATE 
  PCTFREE 10 PCTUSED 40 INITRANS 1 MAXTRANS 255 
 NOCOMPRESS LOGGING
  STORAGE(INITIAL 65536 NEXT 1048576 MINEXTENTS 1 MAXEXTENTS 2147483645
  PCTINCREASE 0 FREELISTS 1 FREELIST GROUPS 1
  BUFFER_POOL DEFAULT FLASH_CACHE DEFAULT CELL_FLASH_CACHE DEFAULT);
--------------------------------------------------------
--  DDL for Table GB_PRESTAMO
--------------------------------------------------------

  CREATE TABLE "GB_PRESTAMO" 
   (	"ID_PRESTAMO" NUMBER GENERATED BY DEFAULT AS IDENTITY MINVALUE 1 MAXVALUE 9999999999999999999999999999 INCREMENT BY 1 START WITH 1 CACHE 20 NOORDER  NOCYCLE  NOKEEP  NOSCALE , 
	"ID_LIBRO" NUMBER, 
	"ID_ESTADO" NUMBER DEFAULT NULL, 
	"FECHA_PRESTAMO" DATE, 
	"FECHA_DEVOLUCION" DATE, 
	"FECHA_CREACION" TIMESTAMP (6) DEFAULT CURRENT_TIMESTAMP, 
	"FECHA_ACTUALIZACION" TIMESTAMP (6)
   ) SEGMENT CREATION IMMEDIATE 
  PCTFREE 10 PCTUSED 40 INITRANS 1 MAXTRANS 255 
 NOCOMPRESS LOGGING
  STORAGE(INITIAL 65536 NEXT 1048576 MINEXTENTS 1 MAXEXTENTS 2147483645
  PCTINCREASE 0 FREELISTS 1 FREELIST GROUPS 1
  BUFFER_POOL DEFAULT FLASH_CACHE DEFAULT CELL_FLASH_CACHE DEFAULT);
REM INSERTING into GB_AUTOR
SET DEFINE OFF;
Insert into GB_AUTOR (ID_AUTOR,NOMBRE,NACIONALIDAD,FECHA_NACIMIENTO,FECHA_CREACION,FECHA_ACTUALIZACION) values ('21','Luis García Márquez','Colombiana',to_date('05/03/27','DD/MM/RR'),to_timestamp('24/01/25 05:58:59,199000000 PM','DD/MM/RR HH12:MI:SSXFF AM'),null);
Insert into GB_AUTOR (ID_AUTOR,NOMBRE,NACIONALIDAD,FECHA_NACIMIENTO,FECHA_CREACION,FECHA_ACTUALIZACION) values ('22','Carlos javier Perez','España',to_date('05/03/27','DD/MM/RR'),to_timestamp('24/01/25 05:58:59,199000000 PM','DD/MM/RR HH12:MI:SSXFF AM'),null);
Insert into GB_AUTOR (ID_AUTOR,NOMBRE,NACIONALIDAD,FECHA_NACIMIENTO,FECHA_CREACION,FECHA_ACTUALIZACION) values ('23','Franci Carolina Perales','Francia',to_date('05/03/27','DD/MM/RR'),to_timestamp('24/01/25 05:58:59,199000000 PM','DD/MM/RR HH12:MI:SSXFF AM'),null);
Insert into GB_AUTOR (ID_AUTOR,NOMBRE,NACIONALIDAD,FECHA_NACIMIENTO,FECHA_CREACION,FECHA_ACTUALIZACION) values ('24','Javier Rivera','Venezuela',to_date('05/03/27','DD/MM/RR'),to_timestamp('24/01/25 05:58:59,199000000 PM','DD/MM/RR HH12:MI:SSXFF AM'),null);
Insert into GB_AUTOR (ID_AUTOR,NOMBRE,NACIONALIDAD,FECHA_NACIMIENTO,FECHA_CREACION,FECHA_ACTUALIZACION) values ('25','Cesar Agusto Faria','Chile',to_date('05/03/27','DD/MM/RR'),to_timestamp('24/01/25 05:58:59,199000000 PM','DD/MM/RR HH12:MI:SSXFF AM'),null);
Insert into GB_AUTOR (ID_AUTOR,NOMBRE,NACIONALIDAD,FECHA_NACIMIENTO,FECHA_CREACION,FECHA_ACTUALIZACION) values ('26','Miguel Lopez','Venezuela',to_date('05/03/27','DD/MM/RR'),to_timestamp('24/01/25 05:58:59,199000000 PM','DD/MM/RR HH12:MI:SSXFF AM'),null);
Insert into GB_AUTOR (ID_AUTOR,NOMBRE,NACIONALIDAD,FECHA_NACIMIENTO,FECHA_CREACION,FECHA_ACTUALIZACION) values ('28','Angel Zamora Chavez','Brasil',to_date('05/03/27','DD/MM/RR'),to_timestamp('24/01/25 05:58:59,199000000 PM','DD/MM/RR HH12:MI:SSXFF AM'),null);
Insert into GB_AUTOR (ID_AUTOR,NOMBRE,NACIONALIDAD,FECHA_NACIMIENTO,FECHA_CREACION,FECHA_ACTUALIZACION) values ('1','Gabriel García Márquez','Colombiana',to_date('06/03/27','DD/MM/RR'),to_timestamp('24/01/25 05:58:59,199000000 PM','DD/MM/RR HH12:MI:SSXFF AM'),null);
REM INSERTING into GB_ESTADO
SET DEFINE OFF;
Insert into GB_ESTADO (ID_ESTADO,NOMBRE_ESTADO,DESCRIPCION,FECHA_CREACION,FECHA_ACTUALIZACION) values ('1','Activo','Registro en uso y visible',to_timestamp('24/01/25 05:50:54,227000000 PM','DD/MM/RR HH12:MI:SSXFF AM'),null);
Insert into GB_ESTADO (ID_ESTADO,NOMBRE_ESTADO,DESCRIPCION,FECHA_CREACION,FECHA_ACTUALIZACION) values ('2','Inactivo','Registro no visible pero conservado',to_timestamp('24/01/25 05:50:54,234000000 PM','DD/MM/RR HH12:MI:SSXFF AM'),null);
Insert into GB_ESTADO (ID_ESTADO,NOMBRE_ESTADO,DESCRIPCION,FECHA_CREACION,FECHA_ACTUALIZACION) values ('3','Eliminado','Registro eliminado lógicamente',to_timestamp('24/01/25 05:50:54,238000000 PM','DD/MM/RR HH12:MI:SSXFF AM'),null);
REM INSERTING into GB_LIBRO
SET DEFINE OFF;
Insert into GB_LIBRO (ID_LIBRO,TITULO,ID_AUTOR,ISBN,FECHA_PUBLICACION,ID_ESTADO,FECHA_REGISTRO,FECHA_ACTUALIZACION) values ('61','Prueba desde la casa','1','9780321741041',to_date('23/01/25','DD/MM/RR'),'1',to_timestamp('24/01/25 06:17:16,606000000 PM','DD/MM/RR HH12:MI:SSXFF AM'),to_timestamp('25/01/25 03:48:32,970000000 PM','DD/MM/RR HH12:MI:SSXFF AM'));
Insert into GB_LIBRO (ID_LIBRO,TITULO,ID_AUTOR,ISBN,FECHA_PUBLICACION,ID_ESTADO,FECHA_REGISTRO,FECHA_ACTUALIZACION) values ('42','Eitado prueba  lista que funcionaaa','1','9780321751041',to_date('24/01/25','DD/MM/RR'),'1',to_timestamp('24/01/25 06:17:16,606000000 PM','DD/MM/RR HH12:MI:SSXFF AM'),to_timestamp('25/01/25 03:47:53,598000000 PM','DD/MM/RR HH12:MI:SSXFF AM'));
Insert into GB_LIBRO (ID_LIBRO,TITULO,ID_AUTOR,ISBN,FECHA_PUBLICACION,ID_ESTADO,FECHA_REGISTRO,FECHA_ACTUALIZACION) values ('44','Eitado prueba','1','9780321751041',to_date('24/01/25','DD/MM/RR'),'2',to_timestamp('24/01/25 06:17:16,606000000 PM','DD/MM/RR HH12:MI:SSXFF AM'),to_timestamp('24/01/25 06:17:16,606000000 PM','DD/MM/RR HH12:MI:SSXFF AM'));
Insert into GB_LIBRO (ID_LIBRO,TITULO,ID_AUTOR,ISBN,FECHA_PUBLICACION,ID_ESTADO,FECHA_REGISTRO,FECHA_ACTUALIZACION) values ('45','Eitado prueba','1','9780321751041',to_date('24/01/25','DD/MM/RR'),'1',to_timestamp('24/01/25 06:17:16,606000000 PM','DD/MM/RR HH12:MI:SSXFF AM'),to_timestamp('24/01/25 06:17:16,606000000 PM','DD/MM/RR HH12:MI:SSXFF AM'));
Insert into GB_LIBRO (ID_LIBRO,TITULO,ID_AUTOR,ISBN,FECHA_PUBLICACION,ID_ESTADO,FECHA_REGISTRO,FECHA_ACTUALIZACION) values ('82','esto es una prueba con libroMapper','1','9780321751041',to_date('24/01/25','DD/MM/RR'),'1',to_timestamp('24/01/25 06:17:16,606000000 PM','DD/MM/RR HH12:MI:SSXFF AM'),to_timestamp('26/01/25 03:21:14,995000000 PM','DD/MM/RR HH12:MI:SSXFF AM'));
Insert into GB_LIBRO (ID_LIBRO,TITULO,ID_AUTOR,ISBN,FECHA_PUBLICACION,ID_ESTADO,FECHA_REGISTRO,FECHA_ACTUALIZACION) values ('83','esto es una prueba con libroMapper','1','9780321751041',to_date('24/01/25','DD/MM/RR'),'1',to_timestamp('24/01/25 06:17:16,606000000 PM','DD/MM/RR HH12:MI:SSXFF AM'),to_timestamp('26/01/25 03:21:22,343000000 PM','DD/MM/RR HH12:MI:SSXFF AM'));
Insert into GB_LIBRO (ID_LIBRO,TITULO,ID_AUTOR,ISBN,FECHA_PUBLICACION,ID_ESTADO,FECHA_REGISTRO,FECHA_ACTUALIZACION) values ('84','esto es una prueba con libroMapper','1','9780321751041',to_date('24/01/25','DD/MM/RR'),'1',to_timestamp('24/01/25 06:17:16,606000000 PM','DD/MM/RR HH12:MI:SSXFF AM'),to_timestamp('26/01/25 03:29:53,208000000 PM','DD/MM/RR HH12:MI:SSXFF AM'));
Insert into GB_LIBRO (ID_LIBRO,TITULO,ID_AUTOR,ISBN,FECHA_PUBLICACION,ID_ESTADO,FECHA_REGISTRO,FECHA_ACTUALIZACION) values ('85','esto es una prueba con libroMapper','1','9780321751041',to_date('24/01/25','DD/MM/RR'),'1',to_timestamp('24/01/25 06:17:16,606000000 PM','DD/MM/RR HH12:MI:SSXFF AM'),to_timestamp('26/01/25 03:30:06,494000000 PM','DD/MM/RR HH12:MI:SSXFF AM'));
Insert into GB_LIBRO (ID_LIBRO,TITULO,ID_AUTOR,ISBN,FECHA_PUBLICACION,ID_ESTADO,FECHA_REGISTRO,FECHA_ACTUALIZACION) values ('21','Eitado prueba','1','9780321751041',to_date('24/01/25','DD/MM/RR'),'1',to_timestamp('24/01/25 06:17:16,606000000 PM','DD/MM/RR HH12:MI:SSXFF AM'),to_timestamp('25/01/25 03:10:34,837000000 PM','DD/MM/RR HH12:MI:SSXFF AM'));
REM INSERTING into GB_PRESTAMO
SET DEFINE OFF;
Insert into GB_PRESTAMO (ID_PRESTAMO,ID_LIBRO,ID_ESTADO,FECHA_PRESTAMO,FECHA_DEVOLUCION,FECHA_CREACION,FECHA_ACTUALIZACION) values ('24','21','1',to_date('11/01/25','DD/MM/RR'),to_date('12/02/25','DD/MM/RR'),to_timestamp('24/01/25 06:39:01,411000000 PM','DD/MM/RR HH12:MI:SSXFF AM'),null);
Insert into GB_PRESTAMO (ID_PRESTAMO,ID_LIBRO,ID_ESTADO,FECHA_PRESTAMO,FECHA_DEVOLUCION,FECHA_CREACION,FECHA_ACTUALIZACION) values ('47','61','1',to_date('20/02/25','DD/MM/RR'),to_date('04/03/25','DD/MM/RR'),to_timestamp('26/01/25 04:32:56,033000000 PM','DD/MM/RR HH12:MI:SSXFF AM'),null);
Insert into GB_PRESTAMO (ID_PRESTAMO,ID_LIBRO,ID_ESTADO,FECHA_PRESTAMO,FECHA_DEVOLUCION,FECHA_CREACION,FECHA_ACTUALIZACION) values ('23','21','1',to_date('13/12/25','DD/MM/RR'),to_date('04/03/25','DD/MM/RR'),to_timestamp('24/01/25 06:39:01,411000000 PM','DD/MM/RR HH12:MI:SSXFF AM'),to_timestamp('26/01/25 04:29:36,447000000 PM','DD/MM/RR HH12:MI:SSXFF AM'));
Insert into GB_PRESTAMO (ID_PRESTAMO,ID_LIBRO,ID_ESTADO,FECHA_PRESTAMO,FECHA_DEVOLUCION,FECHA_CREACION,FECHA_ACTUALIZACION) values ('25','21','1',to_date('12/01/25','DD/MM/RR'),to_date('13/02/25','DD/MM/RR'),to_timestamp('24/01/25 06:39:01,411000000 PM','DD/MM/RR HH12:MI:SSXFF AM'),null);
Insert into GB_PRESTAMO (ID_PRESTAMO,ID_LIBRO,ID_ESTADO,FECHA_PRESTAMO,FECHA_DEVOLUCION,FECHA_CREACION,FECHA_ACTUALIZACION) values ('26','21','1',to_date('25/01/25','DD/MM/RR'),to_date('26/02/25','DD/MM/RR'),to_timestamp('24/01/25 06:39:01,411000000 PM','DD/MM/RR HH12:MI:SSXFF AM'),null);
Insert into GB_PRESTAMO (ID_PRESTAMO,ID_LIBRO,ID_ESTADO,FECHA_PRESTAMO,FECHA_DEVOLUCION,FECHA_CREACION,FECHA_ACTUALIZACION) values ('27','21','1',to_date('26/01/25','DD/MM/RR'),to_date('27/02/25','DD/MM/RR'),to_timestamp('24/01/25 06:39:01,411000000 PM','DD/MM/RR HH12:MI:SSXFF AM'),null);
Insert into GB_PRESTAMO (ID_PRESTAMO,ID_LIBRO,ID_ESTADO,FECHA_PRESTAMO,FECHA_DEVOLUCION,FECHA_CREACION,FECHA_ACTUALIZACION) values ('28','21','1',to_date('28/01/25','DD/MM/RR'),to_date('01/03/25','DD/MM/RR'),to_timestamp('24/01/25 06:39:01,411000000 PM','DD/MM/RR HH12:MI:SSXFF AM'),null);
Insert into GB_PRESTAMO (ID_PRESTAMO,ID_LIBRO,ID_ESTADO,FECHA_PRESTAMO,FECHA_DEVOLUCION,FECHA_CREACION,FECHA_ACTUALIZACION) values ('30','21','1',to_date('28/01/25','DD/MM/RR'),to_date('01/03/25','DD/MM/RR'),to_timestamp('24/01/25 06:39:01,411000000 PM','DD/MM/RR HH12:MI:SSXFF AM'),null);
Insert into GB_PRESTAMO (ID_PRESTAMO,ID_LIBRO,ID_ESTADO,FECHA_PRESTAMO,FECHA_DEVOLUCION,FECHA_CREACION,FECHA_ACTUALIZACION) values ('31','21','1',to_date('28/01/25','DD/MM/RR'),to_date('01/03/25','DD/MM/RR'),to_timestamp('25/01/25 09:49:52,824000000 PM','DD/MM/RR HH12:MI:SSXFF AM'),null);
Insert into GB_PRESTAMO (ID_PRESTAMO,ID_LIBRO,ID_ESTADO,FECHA_PRESTAMO,FECHA_DEVOLUCION,FECHA_CREACION,FECHA_ACTUALIZACION) values ('32','21','1',to_date('20/02/25','DD/MM/RR'),to_date('04/03/25','DD/MM/RR'),to_timestamp('25/01/25 09:50:51,218000000 PM','DD/MM/RR HH12:MI:SSXFF AM'),null);
Insert into GB_PRESTAMO (ID_PRESTAMO,ID_LIBRO,ID_ESTADO,FECHA_PRESTAMO,FECHA_DEVOLUCION,FECHA_CREACION,FECHA_ACTUALIZACION) values ('41','61','2',to_date('20/02/25','DD/MM/RR'),to_date('04/03/25','DD/MM/RR'),to_timestamp('26/01/25 12:21:43,783000000 PM','DD/MM/RR HH12:MI:SSXFF AM'),null);
Insert into GB_PRESTAMO (ID_PRESTAMO,ID_LIBRO,ID_ESTADO,FECHA_PRESTAMO,FECHA_DEVOLUCION,FECHA_CREACION,FECHA_ACTUALIZACION) values ('43','21','1',to_date('20/02/25','DD/MM/RR'),to_date('04/03/25','DD/MM/RR'),to_timestamp('26/01/25 04:12:09,519000000 PM','DD/MM/RR HH12:MI:SSXFF AM'),null);
Insert into GB_PRESTAMO (ID_PRESTAMO,ID_LIBRO,ID_ESTADO,FECHA_PRESTAMO,FECHA_DEVOLUCION,FECHA_CREACION,FECHA_ACTUALIZACION) values ('44','21','1',to_date('20/02/25','DD/MM/RR'),to_date('04/03/25','DD/MM/RR'),to_timestamp('26/01/25 04:12:14,748000000 PM','DD/MM/RR HH12:MI:SSXFF AM'),null);
Insert into GB_PRESTAMO (ID_PRESTAMO,ID_LIBRO,ID_ESTADO,FECHA_PRESTAMO,FECHA_DEVOLUCION,FECHA_CREACION,FECHA_ACTUALIZACION) values ('45','21','1',to_date('20/02/25','DD/MM/RR'),to_date('04/03/25','DD/MM/RR'),to_timestamp('26/01/25 04:26:53,094000000 PM','DD/MM/RR HH12:MI:SSXFF AM'),null);
Insert into GB_PRESTAMO (ID_PRESTAMO,ID_LIBRO,ID_ESTADO,FECHA_PRESTAMO,FECHA_DEVOLUCION,FECHA_CREACION,FECHA_ACTUALIZACION) values ('46','21','1',to_date('20/02/25','DD/MM/RR'),to_date('04/03/25','DD/MM/RR'),to_timestamp('26/01/25 04:26:54,493000000 PM','DD/MM/RR HH12:MI:SSXFF AM'),null);
Insert into GB_PRESTAMO (ID_PRESTAMO,ID_LIBRO,ID_ESTADO,FECHA_PRESTAMO,FECHA_DEVOLUCION,FECHA_CREACION,FECHA_ACTUALIZACION) values ('3','21','1',to_date('20/01/25','DD/MM/RR'),to_date('03/02/25','DD/MM/RR'),to_timestamp('24/01/25 06:39:01,411000000 PM','DD/MM/RR HH12:MI:SSXFF AM'),null);
--------------------------------------------------------
--  Ref Constraints for Table GB_LIBRO
--------------------------------------------------------

  ALTER TABLE "GB_LIBRO" ADD CONSTRAINT "FK_LIBRO_ESTADO" FOREIGN KEY ("ID_ESTADO")
	  REFERENCES "GB_ESTADO" ("ID_ESTADO") ENABLE;
  ALTER TABLE "GB_LIBRO" ADD CONSTRAINT "FK_LIBRO_AUTOR" FOREIGN KEY ("ID_AUTOR")
	  REFERENCES "GB_AUTOR" ("ID_AUTOR") ENABLE;
--------------------------------------------------------
--  Ref Constraints for Table GB_PRESTAMO
--------------------------------------------------------

  ALTER TABLE "GB_PRESTAMO" ADD CONSTRAINT "FK_PRESTAMO_LIBRO" FOREIGN KEY ("ID_LIBRO")
	  REFERENCES "GB_LIBRO" ("ID_LIBRO") ENABLE;
